/***************************************************************
	Database for the Home Broker Simulator Application.
    By Sérgio Lacerda: https://github.com/sergio-lacerda
***************************************************************/

/* --- Creating Database & Tables --- */
Drop Database If Exists dbhomebrokerapi;
Create Database dbhomebrokerapi;
Use dbhomebrokerapi;

Create Table Empresas (
	Id Int Unsigned Not Null Auto_Increment Primary Key,
    Nome Varchar(50) Not Null
);

Create Table Corretoras (
	Id Int Unsigned Not Null Auto_Increment Primary Key,
    Nome Varchar(50) Not Null
);

Create Table Acoes (
	Id Int Unsigned Not Null Auto_Increment Primary Key,
    Ticker Varchar(10) Not Null,
    IdEmpresa Int Unsigned Not Null
);

Alter Table Acoes
Add Constraint fk_Acao_Empresa Foreign Key (IdEmpresa) References Empresas (Id);

Create Table Ofertas (
	Id Int Unsigned Not Null Auto_Increment Primary Key,
    Tipo Char(1) Not Null,
    IdAcao Int Unsigned Not Null,
    IdCorretora Int Unsigned Not Null,
    Quantidade Int Unsigned Not Null,
    PrecoUnitario Decimal(5,2) Not Null,
    DataHora DateTime Not Null Default Now()
);

Alter Table Ofertas
Add Constraint fk_Oferta_Acao Foreign Key (IdAcao) References Acoes (Id),
Add Constraint fk_Oferta_Corretora Foreign Key (IdCorretora) References Corretoras (Id);

/* --- Adding Data Into Tables --- */
Insert Into Empresas (Id, Nome) Values (1, '3M Company');
Insert Into Empresas (Id, Nome) Values (2, '3R Petroleum');
Insert Into Empresas (Id, Nome) Values (3, 'Abbott Laboratories');
Insert Into Empresas (Id, Nome) Values (4, 'Accenture plc');
Insert Into Empresas (Id, Nome) Values (5, 'Adobe Systems Incorporated');
Insert Into Empresas (Id, Nome) Values (6, 'Aeris');
Insert Into Empresas (Id, Nome) Values (7, 'AES Brasil');
Insert Into Empresas (Id, Nome) Values (8, 'Afluente T');
Insert Into Empresas (Id, Nome) Values (9, 'AirBnb');
Insert Into Empresas (Id, Nome) Values (10, 'Aliansce Sonae');
Insert Into Empresas (Id, Nome) Values (11, 'Alliar');
Insert Into Empresas (Id, Nome) Values (12, 'Allied Tecnologia');
Insert Into Empresas (Id, Nome) Values (13, 'Allpark');
Insert Into Empresas (Id, Nome) Values (14, 'Alpargatas');
Insert Into Empresas (Id, Nome) Values (15, 'Alper');
Insert Into Empresas (Id, Nome) Values (16, 'Alphabet');
Insert Into Empresas (Id, Nome) Values (17, 'Alphaville S.A.');
Insert Into Empresas (Id, Nome) Values (18, 'Altria Group, Inc.');
Insert Into Empresas (Id, Nome) Values (19, 'Alupar Investimento');
Insert Into Empresas (Id, Nome) Values (20, 'Amazon.com Inc');
Insert Into Empresas (Id, Nome) Values (21, 'Ambipar');
Insert Into Empresas (Id, Nome) Values (22, 'American Express');
Insert Into Empresas (Id, Nome) Values (23, 'American International Group, Inc.');
Insert Into Empresas (Id, Nome) Values (24, 'Anima');
Insert Into Empresas (Id, Nome) Values (25, 'Apple Inc');
Insert Into Empresas (Id, Nome) Values (26, 'Arcelor');
Insert Into Empresas (Id, Nome) Values (27, 'Arezzo');
Insert Into Empresas (Id, Nome) Values (28, 'Assaí');
Insert Into Empresas (Id, Nome) Values (29, 'AT&T Inc.');
Insert Into Empresas (Id, Nome) Values (30, 'Athena Saúde');
Insert Into Empresas (Id, Nome) Values (31, 'Atma Participações');
Insert Into Empresas (Id, Nome) Values (32, 'Automatic Data Processing Inc.');
Insert Into Empresas (Id, Nome) Values (33, 'Avon');
Insert Into Empresas (Id, Nome) Values (34, 'Banco do Brasil');
Insert Into Empresas (Id, Nome) Values (35, 'Banco Inter');
Insert Into Empresas (Id, Nome) Values (36, 'Banco Mercantil de Investimentos');
Insert Into Empresas (Id, Nome) Values (37, 'Banco Modal');
Insert Into Empresas (Id, Nome) Values (38, 'Banco Pan');
Insert Into Empresas (Id, Nome) Values (39, 'Bank of America Corporation');
Insert Into Empresas (Id, Nome) Values (40, 'Banpara');
Insert Into Empresas (Id, Nome) Values (41, 'Banrisul');
Insert Into Empresas (Id, Nome) Values (42, 'Bardella');
Insert Into Empresas (Id, Nome) Values (43, 'Battistella');
Insert Into Empresas (Id, Nome) Values (44, 'Baumer');
Insert Into Empresas (Id, Nome) Values (45, 'BB Seguridade');
Insert Into Empresas (Id, Nome) Values (46, 'Bemobi');
Insert Into Empresas (Id, Nome) Values (47, 'Berkshire Hathaway Inc.');
Insert Into Empresas (Id, Nome) Values (48, 'Beyond Meat');
Insert Into Empresas (Id, Nome) Values (49, 'Biomm');
Insert Into Empresas (Id, Nome) Values (50, 'Biosev');
Insert Into Empresas (Id, Nome) Values (51, 'Biotoscana');
Insert Into Empresas (Id, Nome) Values (52, 'Blau Farmacêutica');
Insert Into Empresas (Id, Nome) Values (53, 'BM Brascam Lajes Corporativas');
Insert Into Empresas (Id, Nome) Values (54, 'BMG');
Insert Into Empresas (Id, Nome) Values (55, 'Boa Safra');
Insert Into Empresas (Id, Nome) Values (56, 'Boa Vista SCPC');
Insert Into Empresas (Id, Nome) Values (57, 'Boeing');
Insert Into Empresas (Id, Nome) Values (58, 'BR Partners');
Insert Into Empresas (Id, Nome) Values (59, 'BR Properties');
Insert Into Empresas (Id, Nome) Values (60, 'Bradesco');
Insert Into Empresas (Id, Nome) Values (61, 'Bradespar');
Insert Into Empresas (Id, Nome) Values (62, 'Brasil Brokers');
Insert Into Empresas (Id, Nome) Values (63, 'Brasilagro');
Insert Into Empresas (Id, Nome) Values (64, 'Braskem');
Insert Into Empresas (Id, Nome) Values (65, 'BRB Banco');
Insert Into Empresas (Id, Nome) Values (66, 'BRF');
Insert Into Empresas (Id, Nome) Values (67, 'Bristolmyers');
Insert Into Empresas (Id, Nome) Values (68, 'brMalls');
Insert Into Empresas (Id, Nome) Values (69, 'C&A');
Insert Into Empresas (Id, Nome) Values (70, 'Caesars Entt');
Insert Into Empresas (Id, Nome) Values (71, 'Caixa Seguridade');
Insert Into Empresas (Id, Nome) Values (72, 'CAMIL');
Insert Into Empresas (Id, Nome) Values (73, 'Carrefour');
Insert Into Empresas (Id, Nome) Values (74, 'Casan');
Insert Into Empresas (Id, Nome) Values (75, 'Caterpillar');
Insert Into Empresas (Id, Nome) Values (76, 'CEB');
Insert Into Empresas (Id, Nome) Values (77, 'Cedro');
Insert Into Empresas (Id, Nome) Values (78, 'CEEE-D');
Insert Into Empresas (Id, Nome) Values (79, 'Ceee-gt');
Insert Into Empresas (Id, Nome) Values (80, 'CEG');
Insert Into Empresas (Id, Nome) Values (81, 'Celesc');
Insert Into Empresas (Id, Nome) Values (82, 'Celpe');
Insert Into Empresas (Id, Nome) Values (83, 'Celulose Irani');
Insert Into Empresas (Id, Nome) Values (84, 'Cemig');
Insert Into Empresas (Id, Nome) Values (85, 'CESP');
Insert Into Empresas (Id, Nome) Values (86, 'Chevron');
Insert Into Empresas (Id, Nome) Values (87, 'Churchill Dw');
Insert Into Empresas (Id, Nome) Values (88, 'Cia Hering');
Insert Into Empresas (Id, Nome) Values (89, 'Cisco Systems Inc');
Insert Into Empresas (Id, Nome) Values (90, 'Citigroup');
Insert Into Empresas (Id, Nome) Values (91, 'CM Hospitalar');
Insert Into Empresas (Id, Nome) Values (92, 'Coca-Cola');
Insert Into Empresas (Id, Nome) Values (93, 'Coelce');
Insert Into Empresas (Id, Nome) Values (94, 'Cogna');
Insert Into Empresas (Id, Nome) Values (95, 'Colgate');
Insert Into Empresas (Id, Nome) Values (96, 'Comcast Corporation');
Insert Into Empresas (Id, Nome) Values (97, 'Comgás');
Insert Into Empresas (Id, Nome) Values (98, 'Compass');
Insert Into Empresas (Id, Nome) Values (99, 'Copel');
Insert Into Empresas (Id, Nome) Values (100, 'Cophillips');
Insert Into Empresas (Id, Nome) Values (101, 'Coteminas');
Insert Into Empresas (Id, Nome) Values (102, 'CPFL Energia');
Insert Into Empresas (Id, Nome) Values (103, 'CPFL Renovav');
Insert Into Empresas (Id, Nome) Values (104, 'Cruzeiro Do Sul Educacional');
Insert Into Empresas (Id, Nome) Values (105, 'CSN');
Insert Into Empresas (Id, Nome) Values (106, 'CSN Mineração');
Insert Into Empresas (Id, Nome) Values (107, 'CSU CardSyst');
Insert Into Empresas (Id, Nome) Values (108, 'Cury');
Insert Into Empresas (Id, Nome) Values (109, 'CVC');
Insert Into Empresas (Id, Nome) Values (110, 'Cyrela Realty');
Insert Into Empresas (Id, Nome) Values (111, 'Cyrusone Inc');
Insert Into Empresas (Id, Nome) Values (112, 'd1000');
Insert Into Empresas (Id, Nome) Values (113, 'Devant Recebíveis Imobiliários');
Insert Into Empresas (Id, Nome) Values (114, 'Dexxos Part');
Insert Into Empresas (Id, Nome) Values (115, 'Dimed');
Insert Into Empresas (Id, Nome) Values (116, 'Direcional');
Insert Into Empresas (Id, Nome) Values (117, 'Dommo');
Insert Into Empresas (Id, Nome) Values (118, 'Dotz');
Insert Into Empresas (Id, Nome) Values (119, 'Draftkings');
Insert Into Empresas (Id, Nome) Values (120, 'eBay');
Insert Into Empresas (Id, Nome) Values (121, 'Eletromídia');
Insert Into Empresas (Id, Nome) Values (122, 'Enauta Part');
Insert Into Empresas (Id, Nome) Values (123, 'Energisa MT');
Insert Into Empresas (Id, Nome) Values (124, 'Engie Brasil');
Insert Into Empresas (Id, Nome) Values (125, 'Enjoei');
Insert Into Empresas (Id, Nome) Values (126, 'Espaçolaser');
Insert Into Empresas (Id, Nome) Values (127, 'Estrela');
Insert Into Empresas (Id, Nome) Values (128, 'Eucatex');
Insert Into Empresas (Id, Nome) Values (129, 'Even');
Insert Into Empresas (Id, Nome) Values (130, 'Exxon Mobil');
Insert Into Empresas (Id, Nome) Values (131, 'Ez Tec');
Insert Into Empresas (Id, Nome) Values (132, 'Facebook Inc');
Insert Into Empresas (Id, Nome) Values (133, 'Fedex Corp');
Insert Into Empresas (Id, Nome) Values (134, 'Ferbasa');
Insert Into Empresas (Id, Nome) Values (135, 'Fleury');
Insert Into Empresas (Id, Nome) Values (136, 'Focus Energia');
Insert Into Empresas (Id, Nome) Values (137, 'Ford Motors');
Insert Into Empresas (Id, Nome) Values (138, 'Freeport');
Insert Into Empresas (Id, Nome) Values (139, 'Gafisa');
Insert Into Empresas (Id, Nome) Values (140, 'GE');
Insert Into Empresas (Id, Nome) Values (141, 'General Shopping');
Insert Into Empresas (Id, Nome) Values (142, 'Ger Paranapanema');
Insert Into Empresas (Id, Nome) Values (143, 'Gerdau');
Insert Into Empresas (Id, Nome) Values (144, 'GetNinjas');
Insert Into Empresas (Id, Nome) Values (145, 'Goldman Sachs');
Insert Into Empresas (Id, Nome) Values (146, 'Gradiente');
Insert Into Empresas (Id, Nome) Values (147, 'Grazziotin');
Insert Into Empresas (Id, Nome) Values (148, 'Grendene');
Insert Into Empresas (Id, Nome) Values (149, 'Grupo JSL');
Insert Into Empresas (Id, Nome) Values (150, 'Grupo Mateus');
Insert Into Empresas (Id, Nome) Values (151, 'Grupo Soma');
Insert Into Empresas (Id, Nome) Values (152, 'Grupos GPS');
Insert Into Empresas (Id, Nome) Values (153, 'Halliburton');
Insert Into Empresas (Id, Nome) Values (154, 'HBR Realty');
Insert Into Empresas (Id, Nome) Values (155, 'Hedge Investiments');
Insert Into Empresas (Id, Nome) Values (156, 'Helbor');
Insert Into Empresas (Id, Nome) Values (157, 'Hidrovias do Brasil');
Insert Into Empresas (Id, Nome) Values (158, 'Home Depot');
Insert Into Empresas (Id, Nome) Values (159, 'Honeywell');
Insert Into Empresas (Id, Nome) Values (160, 'Hospital Care Caledonia');
Insert Into Empresas (Id, Nome) Values (161, 'Hoteis Othon');
Insert Into Empresas (Id, Nome) Values (162, 'HP Company');
Insert Into Empresas (Id, Nome) Values (163, 'Hypera Pharma');
Insert Into Empresas (Id, Nome) Values (164, 'IBM');
Insert Into Empresas (Id, Nome) Values (165, 'Iguatemi');
Insert Into Empresas (Id, Nome) Values (166, 'Inepar');
Insert Into Empresas (Id, Nome) Values (167, 'Infracommerce');
Insert Into Empresas (Id, Nome) Values (168, 'Instituto Hermes Pardini SA');
Insert Into Empresas (Id, Nome) Values (169, 'Intel Corporation');
Insert Into Empresas (Id, Nome) Values (170, 'Intelbras SA');
Insert Into Empresas (Id, Nome) Values (171, 'Iochpe-Maxion');
Insert Into Empresas (Id, Nome) Values (172, 'IRB Brasil RE');
Insert Into Empresas (Id, Nome) Values (173, 'ISA CTEEP');
Insert Into Empresas (Id, Nome) Values (174, 'Itaú Unibanco');
Insert Into Empresas (Id, Nome) Values (175, 'Itaúsa');
Insert Into Empresas (Id, Nome) Values (176, 'Jalles Machado');
Insert Into Empresas (Id, Nome) Values (177, 'JBS');
Insert Into Empresas (Id, Nome) Values (178, 'JHSF');
Insert Into Empresas (Id, Nome) Values (179, 'Johnson');
Insert Into Empresas (Id, Nome) Values (180, 'JPMorgan');
Insert Into Empresas (Id, Nome) Values (181, 'Karsten');
Insert Into Empresas (Id, Nome) Values (182, 'Kingsoft Chl');
Insert Into Empresas (Id, Nome) Values (183, 'Klabin S/A');
Insert Into Empresas (Id, Nome) Values (184, 'Kora Saúde');
Insert Into Empresas (Id, Nome) Values (185, 'Lavvi Incorporadora');
Insert Into Empresas (Id, Nome) Values (186, 'Le Lis Blanc');
Insert Into Empresas (Id, Nome) Values (187, 'Linx');
Insert Into Empresas (Id, Nome) Values (188, 'Localiza');
Insert Into Empresas (Id, Nome) Values (189, 'Locamerica');
Insert Into Empresas (Id, Nome) Values (190, 'Locaweb');
Insert Into Empresas (Id, Nome) Values (191, 'Lockheed');
Insert Into Empresas (Id, Nome) Values (192, 'Log');
Insert Into Empresas (Id, Nome) Values (193, 'Lojas Americanas');
Insert Into Empresas (Id, Nome) Values (194, 'Lojas Renner');
Insert Into Empresas (Id, Nome) Values (195, 'LPS Brasil');
Insert Into Empresas (Id, Nome) Values (196, 'Lupatech');
Insert Into Empresas (Id, Nome) Values (197, 'Magazine Luiza');
Insert Into Empresas (Id, Nome) Values (198, 'Marfrig');
Insert Into Empresas (Id, Nome) Values (199, 'Marisa');
Insert Into Empresas (Id, Nome) Values (200, 'Mastercard');
Insert Into Empresas (Id, Nome) Values (201, 'Mater Dei');
Insert Into Empresas (Id, Nome) Values (202, 'MC Donald`s');
Insert Into Empresas (Id, Nome) Values (203, 'MDiasBranco');
Insert Into Empresas (Id, Nome) Values (204, 'Medical P Tr');
Insert Into Empresas (Id, Nome) Values (205, 'Méliuz');
Insert Into Empresas (Id, Nome) Values (206, 'Melnick');
Insert Into Empresas (Id, Nome) Values (207, 'Mercantil do Brasil Financeira');
Insert Into Empresas (Id, Nome) Values (208, 'Merck');
Insert Into Empresas (Id, Nome) Values (209, 'Mérito Investimentos');
Insert Into Empresas (Id, Nome) Values (210, 'Metal Leve');
Insert Into Empresas (Id, Nome) Values (211, 'Microsoft Corporation');
Insert Into Empresas (Id, Nome) Values (212, 'Minerva');
Insert Into Empresas (Id, Nome) Values (213, 'Mitre Realty');
Insert Into Empresas (Id, Nome) Values (214, 'MMX Mineração');
Insert Into Empresas (Id, Nome) Values (215, 'Mobly');
Insert Into Empresas (Id, Nome) Values (216, 'Morgan Stanley');
Insert Into Empresas (Id, Nome) Values (217, 'Mosaico');
Insert Into Empresas (Id, Nome) Values (218, 'Moura Dubeux');
Insert Into Empresas (Id, Nome) Values (219, 'Movida');
Insert Into Empresas (Id, Nome) Values (220, 'MRV Engenharia');
Insert Into Empresas (Id, Nome) Values (221, 'Multiplan');
Insert Into Empresas (Id, Nome) Values (222, 'Mundial');
Insert Into Empresas (Id, Nome) Values (223, 'Natura');
Insert Into Empresas (Id, Nome) Values (224, 'Neoenergia');
Insert Into Empresas (Id, Nome) Values (225, 'Neogrid');
Insert Into Empresas (Id, Nome) Values (226, 'Netflix');
Insert Into Empresas (Id, Nome) Values (227, 'Nike');
Insert Into Empresas (Id, Nome) Values (228, 'OceanPact');
Insert Into Empresas (Id, Nome) Values (229, 'OdontoPrev');
Insert Into Empresas (Id, Nome) Values (230, 'OI');
Insert Into Empresas (Id, Nome) Values (231, 'Oracle');
Insert Into Empresas (Id, Nome) Values (232, 'Orizon');
Insert Into Empresas (Id, Nome) Values (233, 'OSX Brasil');
Insert Into Empresas (Id, Nome) Values (234, 'Ourofino S/A');
Insert Into Empresas (Id, Nome) Values (235, 'PagSeguro');
Insert Into Empresas (Id, Nome) Values (236, 'Pague Menos');
Insert Into Empresas (Id, Nome) Values (237, 'Pão de Açúcar');
Insert Into Empresas (Id, Nome) Values (238, 'Paranapanema');
Insert Into Empresas (Id, Nome) Values (239, 'PDG Realty');
Insert Into Empresas (Id, Nome) Values (240, 'Penn Nationl');
Insert Into Empresas (Id, Nome) Values (241, 'PepsiCo Inc');
Insert Into Empresas (Id, Nome) Values (242, 'Pet Manguinhos');
Insert Into Empresas (Id, Nome) Values (243, 'Petrobras');
Insert Into Empresas (Id, Nome) Values (244, 'Petrobras Distribuidora');
Insert Into Empresas (Id, Nome) Values (245, 'PetroRecôncavo Geral SA');
Insert Into Empresas (Id, Nome) Values (246, 'PETRORIO');
Insert Into Empresas (Id, Nome) Values (247, 'Petz');
Insert Into Empresas (Id, Nome) Values (248, 'Pfizer');
Insert Into Empresas (Id, Nome) Values (249, 'Plano & Plano');
Insert Into Empresas (Id, Nome) Values (250, 'Porto Seguro');
Insert Into Empresas (Id, Nome) Values (251, 'Positivo Inf');
Insert Into Empresas (Id, Nome) Values (252, 'Procter Gamble');
Insert Into Empresas (Id, Nome) Values (253, 'Qualcomm');
Insert Into Empresas (Id, Nome) Values (254, 'Qualicorp');
Insert Into Empresas (Id, Nome) Values (255, 'Quero-Quero');
Insert Into Empresas (Id, Nome) Values (256, 'Randon Part');
Insert Into Empresas (Id, Nome) Values (257, 'RD');
Insert Into Empresas (Id, Nome) Values (258, 'Real Estate Capital');
Insert Into Empresas (Id, Nome) Values (259, 'Renaova');
Insert Into Empresas (Id, Nome) Values (260, 'Renova');
Insert Into Empresas (Id, Nome) Values (261, 'Rio Alto Energias Renováveis');
Insert Into Empresas (Id, Nome) Values (262, 'Riva 9');
Insert Into Empresas (Id, Nome) Values (263, 'Rodobens');
Insert Into Empresas (Id, Nome) Values (264, 'Rossi Resid');
Insert Into Empresas (Id, Nome) Values (265, 'Sabesp');
Insert Into Empresas (Id, Nome) Values (266, 'Sanepar');
Insert Into Empresas (Id, Nome) Values (267, 'Santander BR');
Insert Into Empresas (Id, Nome) Values (268, 'Santos - Brasil');
Insert Into Empresas (Id, Nome) Values (269, 'Sao Carlos');
Insert Into Empresas (Id, Nome) Values (270, 'São Martinho');
Insert Into Empresas (Id, Nome) Values (271, 'Saraiva Livr');
Insert Into Empresas (Id, Nome) Values (272, 'Schlumberger');
Insert Into Empresas (Id, Nome) Values (273, 'Sea Ltd');
Insert Into Empresas (Id, Nome) Values (274, 'Sequoia');
Insert Into Empresas (Id, Nome) Values (275, 'Ser Educacional');
Insert Into Empresas (Id, Nome) Values (276, 'Shopify Inc');
Insert Into Empresas (Id, Nome) Values (277, 'Simpar');
Insert Into Empresas (Id, Nome) Values (278, 'Smiles');
Insert Into Empresas (Id, Nome) Values (279, 'Snowflake');
Insert Into Empresas (Id, Nome) Values (280, 'Square Inc');
Insert Into Empresas (Id, Nome) Values (281, 'Starbucks');
Insert Into Empresas (Id, Nome) Values (282, 'Sun Commun');
Insert Into Empresas (Id, Nome) Values (283, 'Suzano Holding');
Insert Into Empresas (Id, Nome) Values (284, 'Suzano Papel');
Insert Into Empresas (Id, Nome) Values (285, 'Taesa');
Insert Into Empresas (Id, Nome) Values (286, 'Tecnisa');
Insert Into Empresas (Id, Nome) Values (287, 'Teladochealt');
Insert Into Empresas (Id, Nome) Values (288, 'Telebras');
Insert Into Empresas (Id, Nome) Values (289, 'Telefônica Brasil S.A');
Insert Into Empresas (Id, Nome) Values (290, 'The Bank of New York Mellon Corporation');
Insert Into Empresas (Id, Nome) Values (291, 'Tim Participações');
Insert Into Empresas (Id, Nome) Values (292, 'Totvs');
Insert Into Empresas (Id, Nome) Values (293, 'Track & Field');
Insert Into Empresas (Id, Nome) Values (294, 'Trade Desk');
Insert Into Empresas (Id, Nome) Values (295, 'TREND CHINA');
Insert Into Empresas (Id, Nome) Values (296, 'Triple Play');
Insert Into Empresas (Id, Nome) Values (297, 'Ultrapar');
Insert Into Empresas (Id, Nome) Values (298, 'Unipar');
Insert Into Empresas (Id, Nome) Values (299, 'Unity Softwr');
Insert Into Empresas (Id, Nome) Values (300, 'UPS');
Insert Into Empresas (Id, Nome) Values (301, 'Urca Prime');
Insert Into Empresas (Id, Nome) Values (302, 'Vale');
Insert Into Empresas (Id, Nome) Values (303, 'Vamos');
Insert Into Empresas (Id, Nome) Values (304, 'Verizon');
Insert Into Empresas (Id, Nome) Values (305, 'Via Varejo');
Insert Into Empresas (Id, Nome) Values (306, 'Visa');
Insert Into Empresas (Id, Nome) Values (307, 'Vittia Fertilizantes');
Insert Into Empresas (Id, Nome) Values (308, 'Vivara');
Insert Into Empresas (Id, Nome) Values (309, 'Walmart');
Insert Into Empresas (Id, Nome) Values (310, 'Wells Fargo');
Insert Into Empresas (Id, Nome) Values (311, 'Westwing');
Insert Into Empresas (Id, Nome) Values (312, 'Whirlpool');
Insert Into Empresas (Id, Nome) Values (313, 'Whirpool');
Insert Into Empresas (Id, Nome) Values (314, 'Xerox');
Insert Into Empresas (Id, Nome) Values (315, 'YDUQS');
Insert Into Empresas (Id, Nome) Values (316, 'Zynga Inc');

Insert Into Corretoras (Id, Nome) Values (1, 'AGORA CTVM S/A');
Insert Into Corretoras (Id, Nome) Values (2, 'ATIVA INVESTIMENTOS S.A. CTCV');
Insert Into Corretoras (Id, Nome) Values (3, 'BANCO ABN AMRO S/A');
Insert Into Corretoras (Id, Nome) Values (4, 'BANRISUL S/A CVMC');
Insert Into Corretoras (Id, Nome) Values (5, 'BB BANCO DE INVESTIMENTO S/A');
Insert Into Corretoras (Id, Nome) Values (6, 'BGC LIQUIDEZ DTVM');
Insert Into Corretoras (Id, Nome) Values (7, 'BRADESCO S/A CTVM');
Insert Into Corretoras (Id, Nome) Values (8, 'BTG PACTUAL CTVM S.A.');
Insert Into Corretoras (Id, Nome) Values (9, 'C6 CTVM LTDA');
Insert Into Corretoras (Id, Nome) Values (10, 'CITIGROUP GMB CCTVM S.A.');
Insert Into Corretoras (Id, Nome) Values (11, 'CLEAR CORRETORA - GRUPO XP');
Insert Into Corretoras (Id, Nome) Values (12, 'CM CAPITAL MARKETS CCTVM LTDA');
Insert Into Corretoras (Id, Nome) Values (13, 'CREDIT SUISSE BRASIL S.A. CTVM');
Insert Into Corretoras (Id, Nome) Values (14, 'ELITE CCVM LTDA.');
Insert Into Corretoras (Id, Nome) Values (15, 'FATOR S.A. CV');
Insert Into Corretoras (Id, Nome) Values (16, 'GENIAL INSTITUCIONAL CCTVM S.A.');
Insert Into Corretoras (Id, Nome) Values (17, 'GENIAL INVESTIMENTOS CVM S.A.');
Insert Into Corretoras (Id, Nome) Values (18, 'GOLDMAN SACHS DO BRASIL CTVM');
Insert Into Corretoras (Id, Nome) Values (19, 'GUIDE INVESTIMENTOS S.A. CV');
Insert Into Corretoras (Id, Nome) Values (20, 'H.COMMCOR DTVM LTDA');
Insert Into Corretoras (Id, Nome) Values (21, 'ICAP DO BRASIL CTVM LTDA');
Insert Into Corretoras (Id, Nome) Values (22, 'IDEAL CTVM SA');
Insert Into Corretoras (Id, Nome) Values (23, 'ITAU CV S/A');
Insert Into Corretoras (Id, Nome) Values (24, 'J. P. MORGAN CCVM S.A.');
Insert Into Corretoras (Id, Nome) Values (25, 'J. SAFRA CVC LTDA.');
Insert Into Corretoras (Id, Nome) Values (26, 'MERC. DO BRASIL COR. S.A. CTVM');
Insert Into Corretoras (Id, Nome) Values (27, 'MERRILL LYNCH S/A CTVM');
Insert Into Corretoras (Id, Nome) Values (28, 'MIRAE ASSET WEALTH MANAGEMENT (BRASIL) CCTVM LTDA');
Insert Into Corretoras (Id, Nome) Values (29, 'MODAL DTVM LTDA');
Insert Into Corretoras (Id, Nome) Values (30, 'MORGAN STANLEY CTVM S/A');
Insert Into Corretoras (Id, Nome) Values (31, 'NECTON INVESTIMENTOS S.A. CVMC');
Insert Into Corretoras (Id, Nome) Values (32, 'NOVA FUTURA CTVM LTDA');
Insert Into Corretoras (Id, Nome) Values (33, 'NU INVEST CORRETORA DE VALORES S.A');
Insert Into Corretoras (Id, Nome) Values (34, 'ÓRAMA DTVM S.A.');
Insert Into Corretoras (Id, Nome) Values (35, 'PLANNER CV S.A');
Insert Into Corretoras (Id, Nome) Values (36, 'RB CAPITAL DTVM LTDA');
Insert Into Corretoras (Id, Nome) Values (37, 'RENASCENÇA DTVM LTDA');
Insert Into Corretoras (Id, Nome) Values (38, 'SANTANDER CCVM S/A');
Insert Into Corretoras (Id, Nome) Values (39, 'SINGULARE CTVM S/A');
Insert Into Corretoras (Id, Nome) Values (40, 'STONEX DISTRIBUIDORA DE TITULOS E VALORES MOBILIARIOS LTDA');
Insert Into Corretoras (Id, Nome) Values (41, 'TERRA INVESTIMENTOS DTVM LTDA');
Insert Into Corretoras (Id, Nome) Values (42, 'TORO CVTM LTDA');
Insert Into Corretoras (Id, Nome) Values (43, 'TULLETT PREBON BRASIL CVC LTDA');
Insert Into Corretoras (Id, Nome) Values (44, 'UBS BRASIL CCTVM S/A');
Insert Into Corretoras (Id, Nome) Values (45, 'VOTORANTIM CTVM LTDA');
Insert Into Corretoras (Id, Nome) Values (46, 'XP INVESTIMENTOS CCTVM S/A');

Insert Into Acoes (Id, Ticker, IdEmpresa) Values (1, 'AALR3', 11);
Insert Into Acoes (Id, Ticker, IdEmpresa) Values (2, 'AAPL34', 25);
Insert Into Acoes (Id, Ticker, IdEmpresa) Values (3, 'ABTT34', 3);
Insert Into Acoes (Id, Ticker, IdEmpresa) Values (4, 'ACNB34', 4);
Insert Into Acoes (Id, Ticker, IdEmpresa) Values (5, 'ADBE34', 5);
Insert Into Acoes (Id, Ticker, IdEmpresa) Values (6, 'ADPR34', 32);
Insert Into Acoes (Id, Ticker, IdEmpresa) Values (7, 'AERI3', 6);
Insert Into Acoes (Id, Ticker, IdEmpresa) Values (8, 'AESB3', 7);
Insert Into Acoes (Id, Ticker, IdEmpresa) Values (9, 'AFLT3', 8);
Insert Into Acoes (Id, Ticker, IdEmpresa) Values (10, 'AGRO3', 63);
Insert Into Acoes (Id, Ticker, IdEmpresa) Values (11, 'AIGB34', 23);
Insert Into Acoes (Id, Ticker, IdEmpresa) Values (12, 'AIRB34', 9);
Insert Into Acoes (Id, Ticker, IdEmpresa) Values (13, 'ALLD3', 12);
Insert Into Acoes (Id, Ticker, IdEmpresa) Values (14, 'ALPA3', 14);
Insert Into Acoes (Id, Ticker, IdEmpresa) Values (15, 'ALPA4', 14);
Insert Into Acoes (Id, Ticker, IdEmpresa) Values (16, 'ALPK3', 13);
Insert Into Acoes (Id, Ticker, IdEmpresa) Values (17, 'ALSO3', 10);
Insert Into Acoes (Id, Ticker, IdEmpresa) Values (18, 'ALUP11', 19);
Insert Into Acoes (Id, Ticker, IdEmpresa) Values (19, 'ALUP3', 19);
Insert Into Acoes (Id, Ticker, IdEmpresa) Values (20, 'ALUP4', 19);
Insert Into Acoes (Id, Ticker, IdEmpresa) Values (21, 'AMAR3', 199);
Insert Into Acoes (Id, Ticker, IdEmpresa) Values (22, 'AMBP3', 21);
Insert Into Acoes (Id, Ticker, IdEmpresa) Values (23, 'AMZO34', 20);
Insert Into Acoes (Id, Ticker, IdEmpresa) Values (24, 'ANIM3', 24);
Insert Into Acoes (Id, Ticker, IdEmpresa) Values (25, 'APER3', 15);
Insert Into Acoes (Id, Ticker, IdEmpresa) Values (26, 'ARMT34', 26);
Insert Into Acoes (Id, Ticker, IdEmpresa) Values (27, 'ARZZ3', 27);
Insert Into Acoes (Id, Ticker, IdEmpresa) Values (28, 'ASAI3', 28);
Insert Into Acoes (Id, Ticker, IdEmpresa) Values (29, 'ATEA3', 30);
Insert Into Acoes (Id, Ticker, IdEmpresa) Values (30, 'ATMP3', 31);
Insert Into Acoes (Id, Ticker, IdEmpresa) Values (31, 'ATTB34', 29);
Insert Into Acoes (Id, Ticker, IdEmpresa) Values (32, 'ATTB34 ', 29);
Insert Into Acoes (Id, Ticker, IdEmpresa) Values (33, 'AVLL3', 17);
Insert Into Acoes (Id, Ticker, IdEmpresa) Values (34, 'AVON34', 33);
Insert Into Acoes (Id, Ticker, IdEmpresa) Values (35, 'AXPB34', 22);
Insert Into Acoes (Id, Ticker, IdEmpresa) Values (36, 'B2YN34', 48);
Insert Into Acoes (Id, Ticker, IdEmpresa) Values (37, 'BALM3', 44);
Insert Into Acoes (Id, Ticker, IdEmpresa) Values (38, 'BALM4', 44);
Insert Into Acoes (Id, Ticker, IdEmpresa) Values (39, 'BBAS11', 34);
Insert Into Acoes (Id, Ticker, IdEmpresa) Values (40, 'BBAS12', 34);
Insert Into Acoes (Id, Ticker, IdEmpresa) Values (41, 'BBAS3', 34);
Insert Into Acoes (Id, Ticker, IdEmpresa) Values (42, 'BBDC3', 60);
Insert Into Acoes (Id, Ticker, IdEmpresa) Values (43, 'BBDC4', 60);
Insert Into Acoes (Id, Ticker, IdEmpresa) Values (44, 'BBRK3', 62);
Insert Into Acoes (Id, Ticker, IdEmpresa) Values (45, 'BBSE3', 45);
Insert Into Acoes (Id, Ticker, IdEmpresa) Values (46, 'BDLL3', 42);
Insert Into Acoes (Id, Ticker, IdEmpresa) Values (47, 'BDLL4', 42);
Insert Into Acoes (Id, Ticker, IdEmpresa) Values (48, 'BEEF11', 212);
Insert Into Acoes (Id, Ticker, IdEmpresa) Values (49, 'BEEF3', 212);
Insert Into Acoes (Id, Ticker, IdEmpresa) Values (50, 'BIDI11', 35);
Insert Into Acoes (Id, Ticker, IdEmpresa) Values (51, 'BIDI3', 35);
Insert Into Acoes (Id, Ticker, IdEmpresa) Values (52, 'BIDI4', 35);
Insert Into Acoes (Id, Ticker, IdEmpresa) Values (53, 'BIOM3', 49);
Insert Into Acoes (Id, Ticker, IdEmpresa) Values (54, 'BLAU3', 52);
Insert Into Acoes (Id, Ticker, IdEmpresa) Values (55, 'BMGB4', 54);
Insert Into Acoes (Id, Ticker, IdEmpresa) Values (56, 'BMIN3', 36);
Insert Into Acoes (Id, Ticker, IdEmpresa) Values (57, 'BMLC11', 53);
Insert Into Acoes (Id, Ticker, IdEmpresa) Values (58, 'BMOB3', 46);
Insert Into Acoes (Id, Ticker, IdEmpresa) Values (59, 'BMYB34', 67);
Insert Into Acoes (Id, Ticker, IdEmpresa) Values (60, 'BOAC34', 39);
Insert Into Acoes (Id, Ticker, IdEmpresa) Values (61, 'BOAS3', 56);
Insert Into Acoes (Id, Ticker, IdEmpresa) Values (62, 'BOEI34', 57);
Insert Into Acoes (Id, Ticker, IdEmpresa) Values (63, 'BONY34', 290);
Insert Into Acoes (Id, Ticker, IdEmpresa) Values (64, 'BPAN4', 38);
Insert Into Acoes (Id, Ticker, IdEmpresa) Values (65, 'BPAR3', 40);
Insert Into Acoes (Id, Ticker, IdEmpresa) Values (66, 'BRAP3', 61);
Insert Into Acoes (Id, Ticker, IdEmpresa) Values (67, 'BRAP4', 61);
Insert Into Acoes (Id, Ticker, IdEmpresa) Values (68, 'BRBI11', 58);
Insert Into Acoes (Id, Ticker, IdEmpresa) Values (69, 'BRDT3', 244);
Insert Into Acoes (Id, Ticker, IdEmpresa) Values (70, 'BRFS3', 66);
Insert Into Acoes (Id, Ticker, IdEmpresa) Values (71, 'BRK.B', 47);
Insert Into Acoes (Id, Ticker, IdEmpresa) Values (72, 'BRKM3', 64);
Insert Into Acoes (Id, Ticker, IdEmpresa) Values (73, 'BRKM5', 64);
Insert Into Acoes (Id, Ticker, IdEmpresa) Values (74, 'BRKM6', 64);
Insert Into Acoes (Id, Ticker, IdEmpresa) Values (75, 'BRML3', 68);
Insert Into Acoes (Id, Ticker, IdEmpresa) Values (76, 'BRPR3', 59);
Insert Into Acoes (Id, Ticker, IdEmpresa) Values (77, 'BRSR3', 41);
Insert Into Acoes (Id, Ticker, IdEmpresa) Values (78, 'BRSR5', 41);
Insert Into Acoes (Id, Ticker, IdEmpresa) Values (79, 'BRSR6', 41);
Insert Into Acoes (Id, Ticker, IdEmpresa) Values (80, 'BSEV3', 50);
Insert Into Acoes (Id, Ticker, IdEmpresa) Values (81, 'BSLI3', 65);
Insert Into Acoes (Id, Ticker, IdEmpresa) Values (82, 'BSLI4', 65);
Insert Into Acoes (Id, Ticker, IdEmpresa) Values (83, 'BTTL3', 43);
Insert Into Acoes (Id, Ticker, IdEmpresa) Values (84, 'C2HD34', 87);
Insert Into Acoes (Id, Ticker, IdEmpresa) Values (85, 'C2ON34', 111);
Insert Into Acoes (Id, Ticker, IdEmpresa) Values (86, 'C2ZR34', 70);
Insert Into Acoes (Id, Ticker, IdEmpresa) Values (87, 'CAML3', 72);
Insert Into Acoes (Id, Ticker, IdEmpresa) Values (88, 'CARD3', 107);
Insert Into Acoes (Id, Ticker, IdEmpresa) Values (89, 'CASH3', 205);
Insert Into Acoes (Id, Ticker, IdEmpresa) Values (90, 'CASN3', 74);
Insert Into Acoes (Id, Ticker, IdEmpresa) Values (91, 'CASN4', 74);
Insert Into Acoes (Id, Ticker, IdEmpresa) Values (92, 'CATP34', 75);
Insert Into Acoes (Id, Ticker, IdEmpresa) Values (93, 'CEAB3', 69);
Insert Into Acoes (Id, Ticker, IdEmpresa) Values (94, 'CEBR3', 76);
Insert Into Acoes (Id, Ticker, IdEmpresa) Values (95, 'CEBR5', 76);
Insert Into Acoes (Id, Ticker, IdEmpresa) Values (96, 'CEBR6', 76);
Insert Into Acoes (Id, Ticker, IdEmpresa) Values (97, 'CEDO3', 77);
Insert Into Acoes (Id, Ticker, IdEmpresa) Values (98, 'CEDO4', 77);
Insert Into Acoes (Id, Ticker, IdEmpresa) Values (99, 'CEED3', 78);
Insert Into Acoes (Id, Ticker, IdEmpresa) Values (100, 'CEED4', 78);
Insert Into Acoes (Id, Ticker, IdEmpresa) Values (101, 'CEGR3', 80);
Insert Into Acoes (Id, Ticker, IdEmpresa) Values (102, 'CEPE3', 82);
Insert Into Acoes (Id, Ticker, IdEmpresa) Values (103, 'CEPE5', 82);
Insert Into Acoes (Id, Ticker, IdEmpresa) Values (104, 'CEPE6', 82);
Insert Into Acoes (Id, Ticker, IdEmpresa) Values (105, 'CESP3', 85);
Insert Into Acoes (Id, Ticker, IdEmpresa) Values (106, 'CESP5', 85);
Insert Into Acoes (Id, Ticker, IdEmpresa) Values (107, 'CESP6', 85);
Insert Into Acoes (Id, Ticker, IdEmpresa) Values (108, 'CGAS3', 97);
Insert Into Acoes (Id, Ticker, IdEmpresa) Values (109, 'CGAS5', 97);
Insert Into Acoes (Id, Ticker, IdEmpresa) Values (110, 'CGRA3', 147);
Insert Into Acoes (Id, Ticker, IdEmpresa) Values (111, 'CGRA4', 147);
Insert Into Acoes (Id, Ticker, IdEmpresa) Values (112, 'CHVX34', 86);
Insert Into Acoes (Id, Ticker, IdEmpresa) Values (113, 'CJCT11', 155);
Insert Into Acoes (Id, Ticker, IdEmpresa) Values (114, 'CLSC3', 81);
Insert Into Acoes (Id, Ticker, IdEmpresa) Values (115, 'CLSC4', 81);
Insert Into Acoes (Id, Ticker, IdEmpresa) Values (116, 'CMCS34', 96);
Insert Into Acoes (Id, Ticker, IdEmpresa) Values (117, 'CMIG3', 84);
Insert Into Acoes (Id, Ticker, IdEmpresa) Values (118, 'CMIG4', 84);
Insert Into Acoes (Id, Ticker, IdEmpresa) Values (119, 'CMIN3', 106);
Insert Into Acoes (Id, Ticker, IdEmpresa) Values (120, 'COCA34', 92);
Insert Into Acoes (Id, Ticker, IdEmpresa) Values (121, 'COCE3', 93);
Insert Into Acoes (Id, Ticker, IdEmpresa) Values (122, 'COCE5', 93);
Insert Into Acoes (Id, Ticker, IdEmpresa) Values (123, 'COCE6', 93);
Insert Into Acoes (Id, Ticker, IdEmpresa) Values (124, 'COGN3', 94);
Insert Into Acoes (Id, Ticker, IdEmpresa) Values (125, 'COLG34', 95);
Insert Into Acoes (Id, Ticker, IdEmpresa) Values (126, 'CONX3', 296);
Insert Into Acoes (Id, Ticker, IdEmpresa) Values (127, 'COPH34', 100);
Insert Into Acoes (Id, Ticker, IdEmpresa) Values (128, 'CPFE3', 102);
Insert Into Acoes (Id, Ticker, IdEmpresa) Values (129, 'CPLE3', 99);
Insert Into Acoes (Id, Ticker, IdEmpresa) Values (130, 'CPLE5', 99);
Insert Into Acoes (Id, Ticker, IdEmpresa) Values (131, 'CPLE6', 99);
Insert Into Acoes (Id, Ticker, IdEmpresa) Values (132, 'CPRE3', 103);
Insert Into Acoes (Id, Ticker, IdEmpresa) Values (133, 'CRFB3', 73);
Insert Into Acoes (Id, Ticker, IdEmpresa) Values (134, 'CSCO34', 89);
Insert Into Acoes (Id, Ticker, IdEmpresa) Values (135, 'CSED3', 104);
Insert Into Acoes (Id, Ticker, IdEmpresa) Values (136, 'CSNA3', 105);
Insert Into Acoes (Id, Ticker, IdEmpresa) Values (137, 'CTGP34', 90);
Insert Into Acoes (Id, Ticker, IdEmpresa) Values (138, 'CTKA3', 181);
Insert Into Acoes (Id, Ticker, IdEmpresa) Values (139, 'CTKA4', 181);
Insert Into Acoes (Id, Ticker, IdEmpresa) Values (140, 'CTNM3', 101);
Insert Into Acoes (Id, Ticker, IdEmpresa) Values (141, 'CTNM4', 101);
Insert Into Acoes (Id, Ticker, IdEmpresa) Values (142, 'CURY3', 108);
Insert Into Acoes (Id, Ticker, IdEmpresa) Values (143, 'CVCB3', 109);
Insert Into Acoes (Id, Ticker, IdEmpresa) Values (144, 'CXSE3', 71);
Insert Into Acoes (Id, Ticker, IdEmpresa) Values (145, 'CYRE3', 110);
Insert Into Acoes (Id, Ticker, IdEmpresa) Values (146, 'D2KN34', 119);
Insert Into Acoes (Id, Ticker, IdEmpresa) Values (147, 'DEVA11', 113);
Insert Into Acoes (Id, Ticker, IdEmpresa) Values (148, 'DEXP3', 114);
Insert Into Acoes (Id, Ticker, IdEmpresa) Values (149, 'DEXP4', 114);
Insert Into Acoes (Id, Ticker, IdEmpresa) Values (150, 'DIRR3', 116);
Insert Into Acoes (Id, Ticker, IdEmpresa) Values (151, 'DMMO11', 117);
Insert Into Acoes (Id, Ticker, IdEmpresa) Values (152, 'DMMO3', 117);
Insert Into Acoes (Id, Ticker, IdEmpresa) Values (153, 'DMVF3', 112);
Insert Into Acoes (Id, Ticker, IdEmpresa) Values (154, 'DOTZ3', 118);
Insert Into Acoes (Id, Ticker, IdEmpresa) Values (155, 'EBAY34', 120);
Insert Into Acoes (Id, Ticker, IdEmpresa) Values (156, 'EEEL3', 79);
Insert Into Acoes (Id, Ticker, IdEmpresa) Values (157, 'EEEL4', 79);
Insert Into Acoes (Id, Ticker, IdEmpresa) Values (158, 'EGIE3', 124);
Insert Into Acoes (Id, Ticker, IdEmpresa) Values (159, 'ELMD3', 121);
Insert Into Acoes (Id, Ticker, IdEmpresa) Values (160, 'ENAT3', 122);
Insert Into Acoes (Id, Ticker, IdEmpresa) Values (161, 'ENJU3', 125);
Insert Into Acoes (Id, Ticker, IdEmpresa) Values (162, 'ENMT3', 123);
Insert Into Acoes (Id, Ticker, IdEmpresa) Values (163, 'ENMT4', 123);
Insert Into Acoes (Id, Ticker, IdEmpresa) Values (164, 'ESPA3', 126);
Insert Into Acoes (Id, Ticker, IdEmpresa) Values (165, 'ESTR3', 127);
Insert Into Acoes (Id, Ticker, IdEmpresa) Values (166, 'ESTR4', 127);
Insert Into Acoes (Id, Ticker, IdEmpresa) Values (167, 'EUCA3', 128);
Insert Into Acoes (Id, Ticker, IdEmpresa) Values (168, 'EUCA4', 128);
Insert Into Acoes (Id, Ticker, IdEmpresa) Values (169, 'EVEN3', 129);
Insert Into Acoes (Id, Ticker, IdEmpresa) Values (170, 'EXXO34', 130);
Insert Into Acoes (Id, Ticker, IdEmpresa) Values (171, 'EZTC3', 131);
Insert Into Acoes (Id, Ticker, IdEmpresa) Values (172, 'FBOK34', 132);
Insert Into Acoes (Id, Ticker, IdEmpresa) Values (173, 'FCXO34', 138);
Insert Into Acoes (Id, Ticker, IdEmpresa) Values (174, 'FDMO34', 137);
Insert Into Acoes (Id, Ticker, IdEmpresa) Values (175, 'FDXB34', 133);
Insert Into Acoes (Id, Ticker, IdEmpresa) Values (176, 'FESA3', 134);
Insert Into Acoes (Id, Ticker, IdEmpresa) Values (177, 'FESA4', 134);
Insert Into Acoes (Id, Ticker, IdEmpresa) Values (178, 'FLRY3', 135);
Insert Into Acoes (Id, Ticker, IdEmpresa) Values (179, 'GBIO33', 51);
Insert Into Acoes (Id, Ticker, IdEmpresa) Values (180, 'GEOO34', 140);
Insert Into Acoes (Id, Ticker, IdEmpresa) Values (181, 'GEPA3', 142);
Insert Into Acoes (Id, Ticker, IdEmpresa) Values (182, 'GEPA4', 142);
Insert Into Acoes (Id, Ticker, IdEmpresa) Values (183, 'GFSA3', 139);
Insert Into Acoes (Id, Ticker, IdEmpresa) Values (184, 'GGPS3', 152);
Insert Into Acoes (Id, Ticker, IdEmpresa) Values (185, 'GMAT3', 150);
Insert Into Acoes (Id, Ticker, IdEmpresa) Values (186, 'GOAU4', 143);
Insert Into Acoes (Id, Ticker, IdEmpresa) Values (187, 'GOGL35', 16);
Insert Into Acoes (Id, Ticker, IdEmpresa) Values (188, 'GRND3', 148);
Insert Into Acoes (Id, Ticker, IdEmpresa) Values (189, 'GSGI34', 145);
Insert Into Acoes (Id, Ticker, IdEmpresa) Values (190, 'GSHP3', 141);
Insert Into Acoes (Id, Ticker, IdEmpresa) Values (191, 'HALI34', 153);
Insert Into Acoes (Id, Ticker, IdEmpresa) Values (192, 'HBOR3', 156);
Insert Into Acoes (Id, Ticker, IdEmpresa) Values (193, 'HBRE3', 154);
Insert Into Acoes (Id, Ticker, IdEmpresa) Values (194, 'HBSA3', 157);
Insert Into Acoes (Id, Ticker, IdEmpresa) Values (195, 'HCAR3', 160);
Insert Into Acoes (Id, Ticker, IdEmpresa) Values (196, 'HGTX3', 88);
Insert Into Acoes (Id, Ticker, IdEmpresa) Values (197, 'HOME34', 158);
Insert Into Acoes (Id, Ticker, IdEmpresa) Values (198, 'HONB34', 159);
Insert Into Acoes (Id, Ticker, IdEmpresa) Values (199, 'HOOT4', 161);
Insert Into Acoes (Id, Ticker, IdEmpresa) Values (200, 'HPQB34', 162);
Insert Into Acoes (Id, Ticker, IdEmpresa) Values (201, 'HYPE3', 163);
Insert Into Acoes (Id, Ticker, IdEmpresa) Values (202, 'IBMB34', 164);
Insert Into Acoes (Id, Ticker, IdEmpresa) Values (203, 'IFCM3', 167);
Insert Into Acoes (Id, Ticker, IdEmpresa) Values (204, 'IGBR3', 146);
Insert Into Acoes (Id, Ticker, IdEmpresa) Values (205, 'IGTA3', 165);
Insert Into Acoes (Id, Ticker, IdEmpresa) Values (206, 'INEP4', 166);
Insert Into Acoes (Id, Ticker, IdEmpresa) Values (207, 'INTB3', 170);
Insert Into Acoes (Id, Ticker, IdEmpresa) Values (208, 'IRBR3', 172);
Insert Into Acoes (Id, Ticker, IdEmpresa) Values (209, 'ITLC34', 169);
Insert Into Acoes (Id, Ticker, IdEmpresa) Values (210, 'ITSA3', 175);
Insert Into Acoes (Id, Ticker, IdEmpresa) Values (211, 'ITSA4', 175);
Insert Into Acoes (Id, Ticker, IdEmpresa) Values (212, 'ITUB3', 174);
Insert Into Acoes (Id, Ticker, IdEmpresa) Values (213, 'ITUB4', 174);
Insert Into Acoes (Id, Ticker, IdEmpresa) Values (214, 'JALL3', 176);
Insert Into Acoes (Id, Ticker, IdEmpresa) Values (215, 'JBSS3', 177);
Insert Into Acoes (Id, Ticker, IdEmpresa) Values (216, 'JHSF3', 178);
Insert Into Acoes (Id, Ticker, IdEmpresa) Values (217, 'JNJB34', 179);
Insert Into Acoes (Id, Ticker, IdEmpresa) Values (218, 'JPMC34', 180);
Insert Into Acoes (Id, Ticker, IdEmpresa) Values (219, 'JSLG3', 149);
Insert Into Acoes (Id, Ticker, IdEmpresa) Values (220, 'K2CG34', 182);
Insert Into Acoes (Id, Ticker, IdEmpresa) Values (221, 'KLBN11', 183);
Insert Into Acoes (Id, Ticker, IdEmpresa) Values (222, 'KLBN3', 183);
Insert Into Acoes (Id, Ticker, IdEmpresa) Values (223, 'KLBN4', 183);
Insert Into Acoes (Id, Ticker, IdEmpresa) Values (224, 'KRSA3', 184);
Insert Into Acoes (Id, Ticker, IdEmpresa) Values (225, 'LAME3', 193);
Insert Into Acoes (Id, Ticker, IdEmpresa) Values (226, 'LAME4', 193);
Insert Into Acoes (Id, Ticker, IdEmpresa) Values (227, 'LAVV3', 185);
Insert Into Acoes (Id, Ticker, IdEmpresa) Values (228, 'LCAM3', 189);
Insert Into Acoes (Id, Ticker, IdEmpresa) Values (229, 'LEVE3', 210);
Insert Into Acoes (Id, Ticker, IdEmpresa) Values (230, 'LINX3', 187);
Insert Into Acoes (Id, Ticker, IdEmpresa) Values (231, 'LJQQ3', 255);
Insert Into Acoes (Id, Ticker, IdEmpresa) Values (232, 'LLIS3', 186);
Insert Into Acoes (Id, Ticker, IdEmpresa) Values (233, 'LMTB34', 191);
Insert Into Acoes (Id, Ticker, IdEmpresa) Values (234, 'LOGG3', 192);
Insert Into Acoes (Id, Ticker, IdEmpresa) Values (235, 'LPSB3', 195);
Insert Into Acoes (Id, Ticker, IdEmpresa) Values (236, 'LREN3', 194);
Insert Into Acoes (Id, Ticker, IdEmpresa) Values (237, 'LUPA3', 196);
Insert Into Acoes (Id, Ticker, IdEmpresa) Values (238, 'LWSA3', 190);
Insert Into Acoes (Id, Ticker, IdEmpresa) Values (239, 'M2PW34', 204);
Insert Into Acoes (Id, Ticker, IdEmpresa) Values (240, 'MATD3', 201);
Insert Into Acoes (Id, Ticker, IdEmpresa) Values (241, 'MBLY3', 215);
Insert Into Acoes (Id, Ticker, IdEmpresa) Values (242, 'MCDC34', 202);
Insert Into Acoes (Id, Ticker, IdEmpresa) Values (243, 'MDIA3', 203);
Insert Into Acoes (Id, Ticker, IdEmpresa) Values (244, 'MDNE3', 218);
Insert Into Acoes (Id, Ticker, IdEmpresa) Values (245, 'MELK3', 206);
Insert Into Acoes (Id, Ticker, IdEmpresa) Values (246, 'MERC4', 207);
Insert Into Acoes (Id, Ticker, IdEmpresa) Values (247, 'MFAI11', 209);
Insert Into Acoes (Id, Ticker, IdEmpresa) Values (248, 'MGLU3', 197);
Insert Into Acoes (Id, Ticker, IdEmpresa) Values (249, 'MMMC34', 1);
Insert Into Acoes (Id, Ticker, IdEmpresa) Values (250, 'MMXM11', 214);
Insert Into Acoes (Id, Ticker, IdEmpresa) Values (251, 'MMXM3', 214);
Insert Into Acoes (Id, Ticker, IdEmpresa) Values (252, 'MNDL3', 222);
Insert Into Acoes (Id, Ticker, IdEmpresa) Values (253, 'MODL11', 37);
Insert Into Acoes (Id, Ticker, IdEmpresa) Values (254, 'MODL3', 37);
Insert Into Acoes (Id, Ticker, IdEmpresa) Values (255, 'MODL4', 37);
Insert Into Acoes (Id, Ticker, IdEmpresa) Values (256, 'MOOO34', 18);
Insert Into Acoes (Id, Ticker, IdEmpresa) Values (257, 'MOSI3', 217);
Insert Into Acoes (Id, Ticker, IdEmpresa) Values (258, 'MOVI3', 219);
Insert Into Acoes (Id, Ticker, IdEmpresa) Values (259, 'MRCK34', 208);
Insert Into Acoes (Id, Ticker, IdEmpresa) Values (260, 'MRFG3', 198);
Insert Into Acoes (Id, Ticker, IdEmpresa) Values (261, 'MRVE3', 220);
Insert Into Acoes (Id, Ticker, IdEmpresa) Values (262, 'MSBR34', 216);
Insert Into Acoes (Id, Ticker, IdEmpresa) Values (263, 'MSCD34', 200);
Insert Into Acoes (Id, Ticker, IdEmpresa) Values (264, 'MSFT34', 211);
Insert Into Acoes (Id, Ticker, IdEmpresa) Values (265, 'MTRE3', 213);
Insert Into Acoes (Id, Ticker, IdEmpresa) Values (266, 'MULT3', 221);
Insert Into Acoes (Id, Ticker, IdEmpresa) Values (267, 'MYPK3', 171);
Insert Into Acoes (Id, Ticker, IdEmpresa) Values (268, 'NEMO3', 283);
Insert Into Acoes (Id, Ticker, IdEmpresa) Values (269, 'NEMO5', 283);
Insert Into Acoes (Id, Ticker, IdEmpresa) Values (270, 'NEMO6', 283);
Insert Into Acoes (Id, Ticker, IdEmpresa) Values (271, 'NEOE3', 224);
Insert Into Acoes (Id, Ticker, IdEmpresa) Values (272, 'NFLX34', 226);
Insert Into Acoes (Id, Ticker, IdEmpresa) Values (273, 'NGRD3', 225);
Insert Into Acoes (Id, Ticker, IdEmpresa) Values (274, 'NIKE34', 227);
Insert Into Acoes (Id, Ticker, IdEmpresa) Values (275, 'NINJ3', 144);
Insert Into Acoes (Id, Ticker, IdEmpresa) Values (276, 'NTCO3', 223);
Insert Into Acoes (Id, Ticker, IdEmpresa) Values (277, 'ODPV3', 229);
Insert Into Acoes (Id, Ticker, IdEmpresa) Values (278, 'OFSA3', 234);
Insert Into Acoes (Id, Ticker, IdEmpresa) Values (279, 'OIBR3', 230);
Insert Into Acoes (Id, Ticker, IdEmpresa) Values (280, 'OIBR4', 230);
Insert Into Acoes (Id, Ticker, IdEmpresa) Values (281, 'OPCT3', 228);
Insert Into Acoes (Id, Ticker, IdEmpresa) Values (282, 'ORCL34', 231);
Insert Into Acoes (Id, Ticker, IdEmpresa) Values (283, 'ORVR3', 232);
Insert Into Acoes (Id, Ticker, IdEmpresa) Values (284, 'OSXB3', 233);
Insert Into Acoes (Id, Ticker, IdEmpresa) Values (285, 'P2EN34', 240);
Insert Into Acoes (Id, Ticker, IdEmpresa) Values (286, 'PAGS34', 235);
Insert Into Acoes (Id, Ticker, IdEmpresa) Values (287, 'PARD3', 168);
Insert Into Acoes (Id, Ticker, IdEmpresa) Values (288, 'PASS3', 98);
Insert Into Acoes (Id, Ticker, IdEmpresa) Values (289, 'PCAR3', 237);
Insert Into Acoes (Id, Ticker, IdEmpresa) Values (290, 'PDGR3', 239);
Insert Into Acoes (Id, Ticker, IdEmpresa) Values (291, 'PEPB34', 241);
Insert Into Acoes (Id, Ticker, IdEmpresa) Values (292, 'PETR3', 243);
Insert Into Acoes (Id, Ticker, IdEmpresa) Values (293, 'PETR4', 243);
Insert Into Acoes (Id, Ticker, IdEmpresa) Values (294, 'PETZ3', 247);
Insert Into Acoes (Id, Ticker, IdEmpresa) Values (295, 'PFIZ34', 248);
Insert Into Acoes (Id, Ticker, IdEmpresa) Values (296, 'PGCO34', 252);
Insert Into Acoes (Id, Ticker, IdEmpresa) Values (297, 'PGMN3', 236);
Insert Into Acoes (Id, Ticker, IdEmpresa) Values (298, 'PLPL3', 249);
Insert Into Acoes (Id, Ticker, IdEmpresa) Values (299, 'PMAM3', 238);
Insert Into Acoes (Id, Ticker, IdEmpresa) Values (300, 'PNVL3', 115);
Insert Into Acoes (Id, Ticker, IdEmpresa) Values (301, 'PNVL4', 115);
Insert Into Acoes (Id, Ticker, IdEmpresa) Values (302, 'POSI3', 251);
Insert Into Acoes (Id, Ticker, IdEmpresa) Values (303, 'POWE3', 136);
Insert Into Acoes (Id, Ticker, IdEmpresa) Values (304, 'PRIO3', 246);
Insert Into Acoes (Id, Ticker, IdEmpresa) Values (305, 'PSSA3', 250);
Insert Into Acoes (Id, Ticker, IdEmpresa) Values (306, 'QCOM34', 253);
Insert Into Acoes (Id, Ticker, IdEmpresa) Values (307, 'QUAL3', 254);
Insert Into Acoes (Id, Ticker, IdEmpresa) Values (308, 'RADL3', 257);
Insert Into Acoes (Id, Ticker, IdEmpresa) Values (309, 'RANI3', 83);
Insert Into Acoes (Id, Ticker, IdEmpresa) Values (310, 'RANI4', 83);
Insert Into Acoes (Id, Ticker, IdEmpresa) Values (311, 'RAPT3', 256);
Insert Into Acoes (Id, Ticker, IdEmpresa) Values (312, 'RDNI3', 263);
Insert Into Acoes (Id, Ticker, IdEmpresa) Values (313, 'RECR11', 258);
Insert Into Acoes (Id, Ticker, IdEmpresa) Values (314, 'RECV3', 245);
Insert Into Acoes (Id, Ticker, IdEmpresa) Values (315, 'RENT3', 188);
Insert Into Acoes (Id, Ticker, IdEmpresa) Values (316, 'RIOS3', 261);
Insert Into Acoes (Id, Ticker, IdEmpresa) Values (317, 'RIVA3', 262);
Insert Into Acoes (Id, Ticker, IdEmpresa) Values (318, 'RNEW11', 259);
Insert Into Acoes (Id, Ticker, IdEmpresa) Values (319, 'RNEW3', 260);
Insert Into Acoes (Id, Ticker, IdEmpresa) Values (320, 'RNEW4', 260);
Insert Into Acoes (Id, Ticker, IdEmpresa) Values (321, 'RPMG3', 242);
Insert Into Acoes (Id, Ticker, IdEmpresa) Values (322, 'RRRP3', 2);
Insert Into Acoes (Id, Ticker, IdEmpresa) Values (323, 'RSID3', 264);
Insert Into Acoes (Id, Ticker, IdEmpresa) Values (324, 'S2EA34', 273);
Insert Into Acoes (Id, Ticker, IdEmpresa) Values (325, 'S2HO34', 276);
Insert Into Acoes (Id, Ticker, IdEmpresa) Values (326, 'S2NW34', 279);
Insert Into Acoes (Id, Ticker, IdEmpresa) Values (327, 'S2QU34', 280);
Insert Into Acoes (Id, Ticker, IdEmpresa) Values (328, 'S2UI34', 282);
Insert Into Acoes (Id, Ticker, IdEmpresa) Values (329, 'SANB11', 267);
Insert Into Acoes (Id, Ticker, IdEmpresa) Values (330, 'SANB3', 267);
Insert Into Acoes (Id, Ticker, IdEmpresa) Values (331, 'SANB4', 267);
Insert Into Acoes (Id, Ticker, IdEmpresa) Values (332, 'SAPR11', 266);
Insert Into Acoes (Id, Ticker, IdEmpresa) Values (333, 'SAPR3', 266);
Insert Into Acoes (Id, Ticker, IdEmpresa) Values (334, 'SAPR4', 266);
Insert Into Acoes (Id, Ticker, IdEmpresa) Values (335, 'SBSP3', 265);
Insert Into Acoes (Id, Ticker, IdEmpresa) Values (336, 'SBUB34', 281);
Insert Into Acoes (Id, Ticker, IdEmpresa) Values (337, 'SCAR3', 269);
Insert Into Acoes (Id, Ticker, IdEmpresa) Values (338, 'SEER3', 275);
Insert Into Acoes (Id, Ticker, IdEmpresa) Values (339, 'SEQL3', 274);
Insert Into Acoes (Id, Ticker, IdEmpresa) Values (340, 'SIMH3', 277);
Insert Into Acoes (Id, Ticker, IdEmpresa) Values (341, 'SLBG34', 272);
Insert Into Acoes (Id, Ticker, IdEmpresa) Values (342, 'SLED3', 271);
Insert Into Acoes (Id, Ticker, IdEmpresa) Values (343, 'SLED4', 271);
Insert Into Acoes (Id, Ticker, IdEmpresa) Values (344, 'SMLS3', 278);
Insert Into Acoes (Id, Ticker, IdEmpresa) Values (345, 'SMTO3', 270);
Insert Into Acoes (Id, Ticker, IdEmpresa) Values (346, 'SOJA3', 55);
Insert Into Acoes (Id, Ticker, IdEmpresa) Values (347, 'SOMA3', 151);
Insert Into Acoes (Id, Ticker, IdEmpresa) Values (348, 'STBP3', 268);
Insert Into Acoes (Id, Ticker, IdEmpresa) Values (349, 'SUZB3', 284);
Insert Into Acoes (Id, Ticker, IdEmpresa) Values (350, 'T2DH34', 287);
Insert Into Acoes (Id, Ticker, IdEmpresa) Values (351, 'T2TD34', 294);
Insert Into Acoes (Id, Ticker, IdEmpresa) Values (352, 'TAEE11', 285);
Insert Into Acoes (Id, Ticker, IdEmpresa) Values (353, 'TAEE3', 285);
Insert Into Acoes (Id, Ticker, IdEmpresa) Values (354, 'TAEE4', 285);
Insert Into Acoes (Id, Ticker, IdEmpresa) Values (355, 'TCSA3', 286);
Insert Into Acoes (Id, Ticker, IdEmpresa) Values (356, 'TELB3', 288);
Insert Into Acoes (Id, Ticker, IdEmpresa) Values (357, 'TELB4', 288);
Insert Into Acoes (Id, Ticker, IdEmpresa) Values (358, 'TFCO4', 293);
Insert Into Acoes (Id, Ticker, IdEmpresa) Values (359, 'TIMS3', 291);
Insert Into Acoes (Id, Ticker, IdEmpresa) Values (360, 'TOTS3', 292);
Insert Into Acoes (Id, Ticker, IdEmpresa) Values (361, 'TRPL3', 173);
Insert Into Acoes (Id, Ticker, IdEmpresa) Values (362, 'TRPL4', 173);
Insert Into Acoes (Id, Ticker, IdEmpresa) Values (363, 'U2ST34', 299);
Insert Into Acoes (Id, Ticker, IdEmpresa) Values (364, 'UGPA3', 297);
Insert Into Acoes (Id, Ticker, IdEmpresa) Values (365, 'UNIP3', 298);
Insert Into Acoes (Id, Ticker, IdEmpresa) Values (366, 'UNIP5', 298);
Insert Into Acoes (Id, Ticker, IdEmpresa) Values (367, 'UNIP6', 298);
Insert Into Acoes (Id, Ticker, IdEmpresa) Values (368, 'UPSS34', 300);
Insert Into Acoes (Id, Ticker, IdEmpresa) Values (369, 'URPR11', 301);
Insert Into Acoes (Id, Ticker, IdEmpresa) Values (370, 'VALE5', 302);
Insert Into Acoes (Id, Ticker, IdEmpresa) Values (371, 'VAMO3', 303);
Insert Into Acoes (Id, Ticker, IdEmpresa) Values (372, 'VERZ34', 304);
Insert Into Acoes (Id, Ticker, IdEmpresa) Values (373, 'VISA34', 306);
Insert Into Acoes (Id, Ticker, IdEmpresa) Values (374, 'VITT3', 307);
Insert Into Acoes (Id, Ticker, IdEmpresa) Values (375, 'VIVA3', 308);
Insert Into Acoes (Id, Ticker, IdEmpresa) Values (376, 'VIVT3', 289);
Insert Into Acoes (Id, Ticker, IdEmpresa) Values (377, 'VIVT4', 289);
Insert Into Acoes (Id, Ticker, IdEmpresa) Values (378, 'VVAR3', 305);
Insert Into Acoes (Id, Ticker, IdEmpresa) Values (379, 'VVEO3', 91);
Insert Into Acoes (Id, Ticker, IdEmpresa) Values (380, 'WALM34', 309);
Insert Into Acoes (Id, Ticker, IdEmpresa) Values (381, 'WEST3', 311);
Insert Into Acoes (Id, Ticker, IdEmpresa) Values (382, 'WFCO34', 310);
Insert Into Acoes (Id, Ticker, IdEmpresa) Values (383, 'WHRL3', 313);
Insert Into Acoes (Id, Ticker, IdEmpresa) Values (384, 'WHRL4', 312);
Insert Into Acoes (Id, Ticker, IdEmpresa) Values (385, 'XINA11', 295);
Insert Into Acoes (Id, Ticker, IdEmpresa) Values (386, 'XRXB34', 314);
Insert Into Acoes (Id, Ticker, IdEmpresa) Values (387, 'YDUQ3', 315);
Insert Into Acoes (Id, Ticker, IdEmpresa) Values (388, 'Z2NG34', 316);





